id,organization_name,Category_ML_Org,Source,headquarters_location,linkedin_id,total_headcount,filter_broad_yes,filter_strict_no,filter_broad_yes_strict_no,filter_non_english_keywords_CV,claude_total_employees,claude_total_rejected,claude_total_accepted,gpt5_total_employees,gpt5_total_rejected,gpt5_total_accepted,gemini_total_employees,gemini_total_rejected,gemini_total_accepted,LLM_count_within_3x_filter,max_headcount,max_population,max_percentage,talent_dense,stage_reached,category,Headquarters Location,Total Headcount,Organization Name,Stage Reached,Founded Date,country,subregion,ml_share,ml_share_lower80,ml_share_upper80,mean,q10,q50,q90,synthetic_mean,synthetic_q10,synthetic_q50,synthetic_q90,adjusted_synthetic_mean,adjusted_synthetic_q10,adjusted_synthetic_q50,adjusted_synthetic_q90,synthetic_adjustment_factor
1,Patagonia,Non_ML_Org,Manual Selection,United States,patagonia_2,3500,0.0,1.0,0.0,816,2544,2544,0.0,2542,2542,0.0,2515,2515,0.0,True,True,False,False,True,,,United States,3500,Patagonia,,1973,Unknown,Unknown,0.0,0.0,0.0,0.0302734375,0.0,0.0,0.0,6.7509765625,1.0,5.0,15.0,5.401084937654633,0.8000449842555106,4.000224921277553,12.00067476383266,1.2499297160528535
2,The North Face,Non_ML_Org,Manual Selection,United States,the-north-face,4500,2.0,0.0,0.0,1100,3350,3350,0.0,3351,3351,0.0,3315,3315,0.0,True,True,False,False,True,,,United States,4500,The North Face,,1966,Unknown,Unknown,0.0,0.0,0.0,0.041015625,0.0,0.0,0.0,8.7685546875,1.0,6.0,19.0,7.015238196904521,0.8000449842555106,4.800269905533064,15.2008547008547,1.2499297160528535
3,YETI,Non_ML_Org,Manual Selection,United States,yeti,2000,5.0,0.0,0.0,359,1145,1144,1.0,1144,1144,0.0,1132,1131,1.0,True,True,True,False,True,,,United States,2000,YETI,,2006,Unknown,Unknown,0.0,0.0,0.0,0.0576171875,0.0,0.0,0.0,4.1787109375,0.0,3.0,9.0,3.3431567262005175,0.0,2.400134952766532,7.200404858299595,1.2499297160528535
4,Hydro Flask,Non_ML_Org,Manual Selection,United States,hydro-flask,135,0.0,1.0,0.0,18,93,93,0.0,93,93,0.0,92,92,0.0,True,True,False,False,True,,,United States,135,Hydro Flask,,2009,Unknown,Unknown,0.0,0.0,0.0,0.0009765625,0.0,0.0,0.0,1.615234375,0.0,1.0,4.0,1.2922601601158346,0.0,0.8000449842555106,3.2001799370220425,1.2499297160528535
5,New York Philharmonic,Non_ML_Org,Manual Selection,United States,new-york-philharmonic,288,0.0,0.0,0.0,75,178,178,0.0,178,178,0.0,176,176,0.0,True,True,False,False,True,,,United States,288,New York Philharmonic,,1842,Unknown,Unknown,0.0,0.0,0.0,0.0029296875,0.0,0.0,0.0,0.0,0.0,0.0,0.0,0.0,0.0,0.0,0.0,1.2499297160528535
6,London Symphony Orchestra,Non_ML_Org,Manual Selection,United Kingdom,london-symphony-orchestra,232,0.0,0.0,0.0,90,110,110,0.0,110,110,0.0,110,110,0.0,True,True,False,False,True,,,United Kingdom,232,London Symphony Orchestra,,1904,Unknown,Unknown,0.0,0.0,0.0,0.00390625,0.0,0.0,0.0,0.0,0.0,0.0,0.0,0.0,0.0,0.0,0.0,1.2499297160528535
7,Museo Nacional del Prado,Non_ML_Org,Manual Selection,Spain,museo-nacional-del-prado,296,0.0,0.0,0.0,202,120,120,0.0,120,120,0.0,117,117,0.0,True,True,False,False,True,,,Spain,296,Museo Nacional del Prado,,1819,Unknown,Unknown,0.0,0.0,0.0,0.0029296875,0.0,0.0,0.0,0.0,0.0,0.0,0.0,0.0,0.0,0.0,0.0,1.2499297160528535
8,The British Museum,Non_ML_Org,Manual Selection,United Kingdom,the-british-museum,1000,0.0,1.0,0.0,573,910,910,0.0,910,910,0.0,903,903,0.0,True,True,False,False,True,,,United Kingdom,1000,The British Museum,,1753,Unknown,Unknown,0.0,0.0,0.0,0.0078125,0.0,0.0,0.0,1.98046875,0.0,1.0,5.0,1.5844640899122806,0.0,0.8000449842555106,4.000224921277553,1.2499297160528535
9,"Crocs, Inc.",Non_ML_Org,Manual Selection,United States,crocsinc,5500,3.0,1.0,0.0,962,3650,3650,0.0,3652,3652,0.0,3608,3608,0.0,True,True,False,False,True,,,United States,5500,"Crocs, Inc.",,2002,Unknown,Unknown,0.0,0.0,0.0,0.0390625,0.0,0.0,0.0,11.1923828125,1.0,9.0,24.700000000000045,8.95440973100821,0.8000449842555106,7.200404858299595,19.76111111111115,1.2499297160528535
10,LVMH,Non_ML_Org,Manual Selection,France,lvmh,7000,17.0,2.0,0.0,2900,4357,4356,1.0,4353,4348,5.0,4304,4292,12.0,True,True,True,False,True,,,France,7000,LVMH,,1987,Unknown,Unknown,0.0,0.0,0.0,0.0673828125,0.0,0.0,0.0,14.8388671875,2.0,11.0,31.0,11.871761265393049,1.6000899685110213,8.800494826810617,24.80139451192083,1.2499297160528535
11,HarperCollins Publishers,Non_ML_Org,Manual Selection,United States,harpercollins,4000,7.0,8.0,0.0,1300,2640,2640,0.0,2641,2641,0.0,2605,2604,1.0,True,True,True,False,True,,,United States,4000,HarperCollins Publishers,,1817,Unknown,Unknown,0.0,0.0,0.0,0.52734375,0.0,0.0,2.0,8.6865234375,1.0,7.0,19.0,6.949609506789811,0.8000449842555106,5.600314889788574,15.2008547008547,1.2499297160528535
12,Penguin Random House,Non_ML_Org,Manual Selection,United States,penguin-random-house-publishing,8000,18.0,9.0,1.0,2400,5232,5230,2.0,5233,5231,2.0,5170,5163,7.0,True,True,True,False,True,,,United States,8000,Penguin Random House,,2013,Unknown,Unknown,0.0,0.0,0.0,0.5576171875,0.0,0.0,2.0,16.064453125,2.0,12.0,35.0,12.852285147464013,1.6000899685110213,9.600539811066128,28.00157444894287,1.2499297160528535
13,Sierra Nevada Brewing Co.,Non_ML_Org,Manual Selection,United States,sierra-nevada-brewing-co-,769,0.0,0.0,0.0,247,627,627,0.0,627,627,0.0,624,624,0.0,True,True,False,False,True,,,United States,769,Sierra Nevada Brewing Co.,,1979,Unknown,Unknown,0.0,0.0,0.0,0.0048828125,0.0,0.0,0.0,0.0,0.0,0.0,0.0,0.0,0.0,0.0,0.0,1.2499297160528535
14,The Coca-Cola Company,Non_ML_Org,Manual Selection,United States,the-coca-cola-company,60000,68.0,31.0,2.0,9500,31026,31023,3.0,31014,31005,9.0,30616,30586,30.0,True,True,True,False,True,,,United States,60000,The Coca-Cola Company,,1886,Unknown,Unknown,0.0,0.0,0.0,1.8916015625,0.0,1.0,5.0,12.021484375,1.0,8.0,28.0,9.61772827752474,0.8000449842555106,6.400359874044085,22.401259559154298,1.2499297160528535
15,Jotun,Non_ML_Org,Manual Selection,Norway,jotun,6000,5.0,1.0,0.0,912,3871,3871,0.0,3868,3868,0.0,3825,3823,2.0,True,True,True,False,True,,,Norway,6000,Jotun,,1926,Unknown,Unknown,0.0,0.0,0.0,0.0400390625,0.0,0.0,0.0,11.88671875,2.0,9.0,26.0,9.509909715193432,1.6000899685110213,7.200404858299595,20.801169590643276,1.2499297160528535
16,Sherwin-Williams,Non_ML_Org,Manual Selection,United States,sherwin-williams,44000,28.0,29.0,2.0,6600,34617,34616,1.0,34623,34621,2.0,34225,34219,6.0,True,True,True,False,True,,,United States,44000,Sherwin-Williams,,1866,Unknown,Unknown,0.0,0.0,0.0,1.646484375,0.0,1.0,3.0,9.4501953125,1.0,6.0,23.0,7.560581360000563,0.8000449842555106,4.800269905533064,18.401034637876744,1.2499297160528535
17,Desigual,Non_ML_Org,Manual Selection,Spain,desigual,2500,0.0,0.0,0.0,1100,2259,2259,0.0,2257,2257,0.0,2232,2231,1.0,True,True,False,False,True,,,Spain,2500,Desigual,,1984,Unknown,Unknown,0.0,0.0,0.0,0.025390625,0.0,0.0,0.0,0.0,0.0,0.0,0.0,0.0,0.0,0.0,0.0,1.2499297160528535
18,Burberry,Non_ML_Org,Manual Selection,United Kingdom,burberry,8500,5.0,2.0,0.0,2400,7323,7322,1.0,7328,7327,1.0,7238,7236,2.0,True,True,True,False,True,,,United Kingdom,8500,Burberry,,1856,Unknown,Unknown,0.0,0.0,0.0,1.279296875,0.0,1.0,3.0,17.4736328125,3.0,13.0,38.0,13.979692288363136,2.400134952766532,10.400584795321638,30.4017094017094,1.2499297160528535
